riskAllele	pValue	pValueAnnotation	riskFrequency	orValue	beta	ci	mappedGenes	traitName	efoTraits	bgTraits	accessionId	locations	pubmedId	author
rs55768019-G	8E-7	-	0.42	1.25	-	[1.17-1.33]	LINC02268	"Alcohol dependence"	"alcohol dependence"	-	GCST003121	4:174106365	26365420	"Mbarek H"
rs2253612-C	8E-7	-	0.09	1.4285715	-	[1.29-1.57]	AOX3P-AOX2P,AOX3P	"Alcohol dependence"	"alcohol dependence"	-	GCST003121	2:200703710	26365420	"Mbarek H"
rs74745534-T	1E-6	-	0.02	2.5	-	[2.15-2.85]	CYP2AC1P,RHAG	"Alcohol dependence"	"alcohol dependence"	-	GCST003121	6:49589080	26365420	"Mbarek H"
rs181048070-A	1E-6	-	0.02	2.0	-	[1.73-2.27]	LINC01793	"Alcohol dependence"	"alcohol dependence"	-	GCST003121	2:59316241	26365420	"Mbarek H"
rs117557854-A	2E-6	-	0.02	2.0833335	-	[1.79-2.38]	CNTN5	"Alcohol dependence"	"alcohol dependence"	-	GCST003121	11:100268439	26365420	"Mbarek H"
rs75433892-A	2E-6	-	0.01	3.7037036	-	[3.17-4.23]	GNAL	"Alcohol dependence"	"alcohol dependence"	-	GCST003121	18:11712923	26365420	"Mbarek H"
rs2400954-C	4E-6	-	0.37	1.2345679	-	[1.16-1.31]	PPFIA2	"Alcohol dependence"	"alcohol dependence"	-	GCST003121	12:81539202	26365420	"Mbarek H"
rs79978308-T	5E-6	-	0.03	1.7857143	-	[1.55-2.02]	B3GALT5	"Alcohol dependence"	"alcohol dependence"	-	GCST003121	21:39648618	26365420	"Mbarek H"
rs7199896-T	5E-6	-	0.06	1.5873016	-	[1.41-1.76]	GINS3	"Alcohol dependence"	"alcohol dependence"	-	GCST003121	16:58339080	26365420	"Mbarek H"
rs10649162-?	5E-6	-	NR	1.2658228	-	[1.17-1.36]	-	"Alcohol dependence"	"alcohol dependence"	-	GCST003121	6:153299421	26365420	"Mbarek H"
rs62191099-A	5E-6	-	0.3	1.25	-	[1.17-1.33]	LINC01940	"Alcohol dependence"	"alcohol dependence"	-	GCST003121	2:238936057	26365420	"Mbarek H"
rs12632235-T	5E-6	-	0.01	2.173913	-	[1.86-2.49]	ABI3BP	"Alcohol dependence"	"alcohol dependence"	-	GCST003121	3:100817440	26365420	"Mbarek H"
rs17620991-C	6E-6	-	0.14	1.3333333	-	[1.22-1.45]	SUGCT	"Alcohol dependence"	"alcohol dependence"	-	GCST003121	7:40796922	26365420	"Mbarek H"
rs57126985-C	6E-6	-	0.03	1.754386	-	[1.52-1.99]	-	"Alcohol dependence"	"alcohol dependence"	-	GCST003121	21:15217712	26365420	"Mbarek H"
rs10741210-G	9E-6	-	0.58	1.22	-	[1.14-1.3]	GLRX3,LINC02646	"Alcohol dependence"	"alcohol dependence"	-	GCST003121	10:130186048	26365420	"Mbarek H"
rs11076221-G	9E-6	-	0.94	1.57	-	[1.37-1.77]	C16orf97	"Alcohol dependence"	"alcohol dependence"	-	GCST003121	16:51927631	26365420	"Mbarek H"
rs13340561-G	9E-6	-	0.03	1.6949153	-	[1.48-1.91]	MSR1	"Alcohol dependence"	"alcohol dependence"	-	GCST003121	8:16201396	26365420	"Mbarek H"
rs75562159-A	9E-6	-	0.01	2.7027025	-	[2.27-3.13]	CAMTA1	"Alcohol dependence"	"alcohol dependence"	-	GCST003121	1:7444081	26365420	"Mbarek H"
rs8062326-T	4E-6	(BPALC)	0.02	-	-	-	SYT17,ITPRIPL2	"Alcohol dependence"	"alcohol dependence"	-	GCST001211	16:19144694	21876473	"Lydall GJ"
rs11933661-?	4E-6	-	NR	-	"0.538 unit decrease"	-	-	"Alcohol dependence"	"alcohol dependence"	-	GCST002293	4:130091985	24277619	"Quillen EE"
rs671-?	5E-8	-	NR	-	"0.88 unit increase"	-	ALDH2	"Alcohol dependence"	"alcohol dependence"	-	GCST002293	12:111803962	24277619	"Quillen EE"
rs237899-?	2E-6	-	NR	1.69	-	[1.36-2.10]	CAV3,OXTR	"Depression and alcohol dependence"	"alcohol dependence"	-	GCST001313	3:8766829	22064162	"Edwards AC"
rs5968205-?	3E-6	-	NR	2.2	-	[1.58-3.07]	TERF1P4	"Depression and alcohol dependence"	"alcohol dependence"	-	GCST001313	X:83699482	22064162	"Edwards AC"
rs3827730-?	4E-6	-	NR	1.72	-	[1.36-2.16]	FAF1	"Depression and alcohol dependence"	"alcohol dependence"	-	GCST001313	1:50472176	22064162	"Edwards AC"
rs8111589-?	4E-6	-	NR	1.64	-	[1.33-2.03]	OPA3	"Depression and alcohol dependence"	"alcohol dependence"	-	GCST001313	19:45531300	22064162	"Edwards AC"
rs5922838-?	5E-6	-	NR	2.17	-	[1.55-3.02]	POMPP1	"Depression and alcohol dependence"	"alcohol dependence"	-	GCST001313	X:83616187	22064162	"Edwards AC"
rs17750015-?	8E-6	-	NR	1.68	-	[1.34-2.11]	WDR7	"Depression and alcohol dependence"	"alcohol dependence"	-	GCST001313	18:56730391	22064162	"Edwards AC"
rs10090288-?	8E-6	-	NR	2.55	-	[1.69-3.84]	MICU3	"Depression and alcohol dependence"	"alcohol dependence"	-	GCST001313	8:17072126	22064162	"Edwards AC"
rs9805786-?	7E-6	-	NR	1.65	-	[1.33-2.05]	SPATA13	"Depression and alcohol dependence"	"alcohol dependence"	-	GCST001313	13:24084217	22064162	"Edwards AC"
rs3131513-G	2E-6	-	0.401	-	"0.353 unit decrease"	[NR]	CLIC4,RUNX3	"Alcohol dependence"	"alcohol dependence"	-	GCST002134	1:24866664	23942779	"McGue M"
rs4440177-A	6E-6	-	0.338	-	"0.347 unit increase"	"[NR] "	MTHFD2P4	"Alcohol dependence"	"alcohol dependence"	-	GCST002134	4:162321901	23942779	"McGue M"
rs804292-G	2E-6	-	0.234	-	"0.414 unit decrease"	"[NR] "	NEIL2	"Alcohol dependence"	"alcohol dependence"	-	GCST002134	8:11786406	23942779	"McGue M"
rs1793257-A	7E-6	-	0.037	-	"0.83 unit increase"	"[NR] "	OPCML	"Alcohol dependence"	"alcohol dependence"	-	GCST002134	11:132714224	23942779	"McGue M"
rs2075633-?	5E-21	-	NR	2.52	-	[2.38-2.66]	ADH1B	"Alcohol dependence"	"alcohol dependence"	-	GCST008966	4:99317841	31591379	"Sun Y"
rs11066001-?	7E-12	-	NR	4.76	-	[4.47-5.05]	BRAP	"Alcohol dependence"	"alcohol dependence"	-	GCST008966	12:111681367	31591379	"Sun Y"
rs12388359-T	4E-6	-	0.11	1.61	-	[1.32-2.00]	CLCN4	"Alcohol dependence"	"alcohol dependence"	-	GCST000432	X:10263651	19581569	"Treutlein J"
rs7590720-G	1E-8	-	0.29	1.35	-	[1.22-1.49]	MREG,PECR	"Alcohol dependence"	"alcohol dependence"	-	GCST000432	2:216033935	19581569	"Treutlein J"
rs13160562-G	7E-6	-	0.68	1.27	-	[1.14-1.41]	CAST,ERAP1	"Alcohol dependence"	"alcohol dependence"	-	GCST000432	5:96775667	19581569	"Treutlein J"
rs1864982-A	3E-6	-	0.13	1.36	-	[1.20-1.55]	PPP2R2B	"Alcohol dependence"	"alcohol dependence"	-	GCST000432	5:146941260	19581569	"Treutlein J"
rs6902771-C	8E-6	-	0.51	1.24	-	[1.13-1.36]	ESR1	"Alcohol dependence"	"alcohol dependence"	-	GCST000432	6:151836746	19581569	"Treutlein J"
rs36563-A	5E-6	-	0.15	1.33	-	[1.18-1.50]	MAP3K9,PCNX1	"Alcohol dependence"	"alcohol dependence"	-	GCST000432	14:70885931	19581569	"Treutlein J"
rs4478858-G	3E-8	-	NR	1.26	-	-	SERINC2	"Alcohol dependence"	"alcohol dependence"	-	GCST001874	1:31411078	23455491	"Zuo L"
rs6777876-G	4E-7	(AA)	0.086	-	-	-	MARK2P14,RN7SL147P	"Alcohol dependence"	"alcohol dependence"	-	GCST000977	3:11915124	21314694	"Kendler KS"
rs12020569-C	5E-6	(AA)	0.103	-	-	-	RPS21P8,RPS20P32	"Alcohol dependence"	"alcohol dependence"	-	GCST000977	13:27012736	21314694	"Kendler KS"
rs3738443-A	4E-6	(AA)	0.033	-	-	-	ZNF124,ZNF731P	"Alcohol dependence"	"alcohol dependence"	-	GCST000977	1:247184887	21314694	"Kendler KS"
rs195204-T	9E-6	-	0.24	-	"0.1 unit increase"	[NR]	LINC01765,NGF-AS1	"Alcoholism (heaviness of drinking)"	"alcohol dependence"	-	GCST001052	1:115191470	21529783	"Heath AC"
rs2369955-A	2E-6	-	0.16	-	"0.136 unit decrease"	[NR]	TMEM108	"Alcoholism (heaviness of drinking)"	"alcohol dependence"	-	GCST001052	3:132974744	21529783	"Heath AC"
rs1109501-G	5E-6	-	0.24	-	"0.1 unit increase"	[NR]	MUC7	"Alcoholism (heaviness of drinking)"	"alcohol dependence"	-	GCST001052	4:70463773	21529783	"Heath AC"
rs10908907-G	6E-6	-	0.25	-	"0.099 unit increase"	[NR]	UNQ6494,GADD45G	"Alcoholism (heaviness of drinking)"	"alcohol dependence"	-	GCST001052	9:89634669	21529783	"Heath AC"
rs9512637-C	1E-7	-	0.32	-	"0.105 unit decrease"	[NR]	RNU6-70P,LINC01079	"Alcoholism (heaviness of drinking)"	"alcohol dependence"	-	GCST001052	13:27346474	21529783	"Heath AC"
rs1380131-C	9E-6	-	0.07	-	"0.147 unit increase"	[NR]	RPS3AP46	"Alcoholism (heaviness of drinking)"	"alcohol dependence"	-	GCST001052	14:53606140	21529783	"Heath AC"
rs8040009-T	3E-7	-	0.21	-	"0.123 unit decrease"	[NR]	C15orf32	"Alcoholism (heaviness of drinking)"	"alcohol dependence"	-	GCST001052	15:92501109	21529783	"Heath AC"
rs2827312-G	8E-6	-	0.32	-	"0.089 unit increase"	[NR]	RNU4-45P	"Alcoholism (heaviness of drinking)"	"alcohol dependence"	-	GCST001052	21:22259356	21529783	"Heath AC"
rs2154294-G	3E-6	-	0.44	-	"0.08 unit increase"	[NR]	-	"Alcoholism (12-month weekly alcohol consumption)"	"alcohol dependence"	-	GCST001055	14:42186072	21529783	"Heath AC"
rs237238-A	7E-6	-	0.07	-	"0.156 unit increase"	[NR]	HIP1	"Alcoholism (12-month weekly alcohol consumption)"	"alcohol dependence"	-	GCST001055	7:75582098	21529783	"Heath AC"
rs6716455-G	7E-7	-	0.13	-	"0.123 unit increase"	[NR]	LINC01818	"Alcoholism (alcohol use disorder factor score)"	"alcohol dependence"	-	GCST001053	2:150269889	21529783	"Heath AC"
rs3930234-C	8E-6	-	0.15	-	"0.104 unit increase"	[NR]	LINC01839,LINC02054	"Alcoholism (alcohol use disorder factor score)"	"alcohol dependence"	-	GCST001053	3:184498342	21529783	"Heath AC"
rs2548145-G	2E-6	-	0.47	-	"0.081 unit decrease"	[NR]	KRT18P56	"Alcoholism (alcohol use disorder factor score)"	"alcohol dependence"	-	GCST001053	5:40134675	21529783	"Heath AC"
rs2140418-C	4E-6	-	0.22	-	"0.101 unit increase"	[NR]	ANKS1A	"Alcoholism (alcohol use disorder factor score)"	"alcohol dependence"	-	GCST001053	6:35007638	21529783	"Heath AC"
rs9556711-G	2E-6	-	0.08	-	"0.163 unit decrease"	[NR]	MBNL2	"Alcoholism (alcohol use disorder factor score)"	"alcohol dependence"	-	GCST001053	13:97364162	21529783	"Heath AC"
rs768048-C	8E-6	-	0.12	-	"0.11 unit increase"	[NR]	DCC	"Alcoholism (alcohol use disorder factor score)"	"alcohol dependence"	-	GCST001053	18:52759028	21529783	"Heath AC"
rs6716455-G	9E-6	-	0.13	-	"0.109 unit increase"	[NR]	LINC01818	"Alcoholism (alcohol dependence factor score)"	"alcohol dependence"	-	GCST001054	2:150269889	21529783	"Heath AC"
rs2140418-C	4E-6	-	0.22	-	"0.1 unit increase"	[NR]	ANKS1A	"Alcoholism (alcohol dependence factor score)"	"alcohol dependence"	-	GCST001054	6:35007638	21529783	"Heath AC"
rs10253361-T	6E-6	-	0.38	-	"0.076 unit decrease"	[NR]	-	"Alcoholism (alcohol dependence factor score)"	"alcohol dependence"	-	GCST001054	7:121635175	21529783	"Heath AC"
rs9556711-G	8E-7	-	0.08	-	"0.167 unit decrease"	[NR]	MBNL2	"Alcoholism (alcohol dependence factor score)"	"alcohol dependence"	-	GCST001054	13:97364162	21529783	"Heath AC"
rs933769-T	7E-6	-	0.19	-	"0.097 unit decrease"	[NR]	LINC00924	"Alcoholism (alcohol dependence factor score)"	"alcohol dependence"	-	GCST001054	15:95509513	21529783	"Heath AC"
rs4293630-A	7E-6	-	0.14	-	"0.108 unit increase"	[NR]	COL6A1,PSMA6P3	"Alcoholism (alcohol dependence factor score)"	"alcohol dependence"	-	GCST001054	21:46025877	21529783	"Heath AC"
rs6701037-C	2E-7	-	0.46	-	-	-	TNN,KIAA0040	"Alcohol dependence"	"alcohol dependence"	-	GCST001121	1:175150943	21703634	"Wang KS"
rs750338-C	1E-6	-	0.22	-	-	-	PKNOX2	"Alcohol dependence"	"alcohol dependence"	-	GCST001121	11:125302697	21703634	"Wang KS"
rs1344694-?	5E-6	-	NR	1.27	-	[1.15-1.41]	PECR,MREG	"Alcohol dependence"	"alcohol dependence"	-	GCST001281	2:216028914	22004471	"Frank J"
rs9825310-?	8E-6	-	NR	1.25	-	[1.14-1.38]	RPSAP11,CMTM8	"Alcohol dependence"	"alcohol dependence"	-	GCST001281	3:32198627	22004471	"Frank J"
rs1000579-?	4E-7	-	NR	1.3	-	[1.17-1.43]	STX18-AS1	"Alcohol dependence"	"alcohol dependence"	-	GCST001281	4:4717767	22004471	"Frank J"
rs4770403-?	6E-6	-	NR	1.33	-	[1.17-1.50]	SGCG	"Alcohol dependence"	"alcohol dependence"	-	GCST001281	13:23180988	22004471	"Frank J"
rs2810114-?	4E-6	-	NR	1.29	-	[1.16-1.44]	PCNX1	"Alcohol dependence"	"alcohol dependence"	-	GCST001281	14:70928887	22004471	"Frank J"
rs1789891-?	1E-8	-	NR	1.46	-	[1.28-1.67]	ADH1B	"Alcohol dependence"	"alcohol dependence"	-	GCST001281	4:99329262	22004471	"Frank J"
rs1229984-?	5E-9	-	NR	-	-	-	ADH1B	"Alcohol dependence"	"alcohol dependence"	-	GCST008284	4:99318162	31090166	"Lai D"
rs1318937-?	3E-6	"(EA + AA)"	NR	-	-	-	SH3BP5-AS1,CAPN7	"Alcohol dependence"	"alcohol dependence"	-	GCST001254	3:15253857	21956439	"Zuo L"
rs9636231-?	8E-6	"(EA + AA)"	NR	-	-	-	AHCYP4	"Alcohol dependence"	"alcohol dependence"	-	GCST001254	2:138914385	21956439	"Zuo L"
rs10893366-?	8E-6	"(EA + AA)"	NR	-	-	-	PKNOX2	"Alcohol dependence"	"alcohol dependence"	-	GCST001254	11:125308507	21956439	"Zuo L"
rs1229984-?	3E-21	-	NR	2.35	-	[1.95-2.84]	ADH1B	"Alcohol dependence"	"alcohol dependence"	-	GCST001883	4:99318162	23456092	"Park BL"
rs1372680-A	3E-6	-	0.08583	1.482	-	-	ADH7,ADH1B	"Alcohol dependence"	"alcohol dependence"	-	GCST004756	4:99383388	28714907	"Treutlein J"
rs1789924-T	1E-7	-	0.387	1.314	-	-	ADH1B,ADH7	"Alcohol dependence"	"alcohol dependence"	-	GCST004756	4:99353129	28714907	"Treutlein J"
rs1789891-A	2E-8	-	0.1407	1.469	-	-	ADH1B	"Alcohol dependence"	"alcohol dependence"	-	GCST004756	4:99329262	28714907	"Treutlein J"
rs1000579-G	2E-7	-	0.3981	1.315	-	-	STX18-AS1	"Alcohol dependence"	"alcohol dependence"	-	GCST004756	4:4717767	28714907	"Treutlein J"
rs6809441-?	6E-6	-	0.6626	1.29	-	-	ULK4	"Alcohol dependence"	"alcohol dependence"	-	GCST004756	3:41453114	28714907	"Treutlein J"
rs1437396-T	2E-6	(AA)	0.112	"1.56 (AA, GCD Discovery)"	-	NR	PRORSD1P,MTIF2	"Alcohol dependence"	"alcohol dependence"	-	GCST004712	2:55278320	24166409	"Gelernter J"
rs6810498-A	2E-6	(AA)	0.265	"1.44 (AA, GCD Discovery)"	-	NR	LINC02357	"Alcohol dependence"	"alcohol dependence"	-	GCST004712	4:26064749	24166409	"Gelernter J"
rs10483282-T	9E-6	(AA)	0.437	"1.32 (AA, GCD Discovery)"	-	NR	BRD7P1,RN7SKP205	"Alcohol dependence"	"alcohol dependence"	-	GCST004712	14:23784487	24166409	"Gelernter J"
rs1229984-C	1E-31	(EA)	0.971	"6.5789475 (EA, German Sample)"	-	NR	ADH1B	"Alcohol dependence"	"alcohol dependence"	-	GCST004712	4:99318162	24166409	"Gelernter J"
rs1437396-T	6E-6	(EA)	0.235	"1.25 (EA, German Sample)"	-	NR	PRORSD1P,MTIF2	"Alcohol dependence"	"alcohol dependence"	-	GCST004712	2:55278320	24166409	"Gelernter J"
rs1437396-T	1E-10	-	NR	-	-	-	PRORSD1P,MTIF2	"Alcohol dependence"	"alcohol dependence"	-	GCST004712	2:55278320	24166409	"Gelernter J"
rs59551326-A	5E-6	(AA)	0.868	"1.3495277 (AA, GCD Discovery)"	-	NR	LINC00158,RPL13AP7	"Alcohol dependence"	"alcohol dependence"	-	GCST004712	21:25384656	24166409	"Gelernter J"
rs4699741-T	6E-8	(EA)	0.9437	"1.5698587 (EA, German Sample)"	-	NR	ADH1B,ADH7	"Alcohol dependence"	"alcohol dependence"	-	GCST004712	4:99357540	24166409	"Gelernter J"
rs2173201-C	2E-6	-	0.773	"1.2004802 (EA, German Sample)"	-	NR	ADH1B	"Alcohol dependence"	"alcohol dependence"	-	GCST004712	4:99329813	24166409	"Gelernter J"
rs2066702-G	4E-11	(AA)	0.813	"1.3908206 (AA, GCD Discovery)"	-	NR	ADH1B	"Alcohol dependence"	"alcohol dependence"	-	GCST004712	4:99307860	24166409	"Gelernter J"
rs1789882-G	2E-9	(AA)	0.769	"1.303781 (AA, GCD Discovery)"	-	NR	ADH1B	"Alcohol dependence"	"alcohol dependence"	-	GCST004712	4:99313896	24166409	"Gelernter J"
rs1693457-T	2E-9	(AA)	0.768	"1.3020833 (AA, GCD Discovery)"	-	NR	-	"Alcohol dependence"	"alcohol dependence"	-	GCST004712	-	24166409	"Gelernter J"
rs904092-G	5E-9	(AA)	0.763	"1.3003901 (AA, GCD Discovery)"	-	NR	ADH1B,ADH1A	"Alcohol dependence"	"alcohol dependence"	-	GCST004712	4:99293007	24166409	"Gelernter J"
rs17028615-A	6E-8	(AA)	0.792	"1.3297873 (AA, GCD Discovery)"	-	NR	ADH4	"Alcohol dependence"	"alcohol dependence"	-	GCST004712	4:99150767	24166409	"Gelernter J"
rs2173201-C	1E-7	(AA)	0.548	"1.3297873 (AA, GCD Discovery)"	-	NR	ADH1B	"Alcohol dependence"	"alcohol dependence"	-	GCST004712	4:99329813	24166409	"Gelernter J"
rs1614972-C	4E-7	(AA)	0.478	"1.3297873 (AA, GCD Discovery)"	-	NR	ADH1C,ADH1B	"Alcohol dependence"	"alcohol dependence"	-	GCST004712	4:99336998	24166409	"Gelernter J"
rs12639833-C	7E-7	(AA)	0.5409999999999999	"1.3192612 (AA, GCD Discovery)"	-	NR	ADH1B,ADH1C	"Alcohol dependence"	"alcohol dependence"	-	GCST004712	4:99346215	24166409	"Gelernter J"
rs2241894-T	8E-7	(AA)	0.542	"1.3192612 (AA, GCD Discovery)"	-	NR	ADH1B,ADH1C	"Alcohol dependence"	"alcohol dependence"	-	GCST004712	4:99344976	24166409	"Gelernter J"
rs6822348-T	3E-6	(AA)	0.17	"1.34 (AA, GCD Discovery)"	-	NR	ADH4	"Alcohol dependence"	"alcohol dependence"	-	GCST004712	4:99132743	24166409	"Gelernter J"
rs3785223-?	4E-6	-	NR	-	"1.6742423 unit increase"	-	RBFOX1	"Alcohol dependence (codominant genetic model)"	"alcohol dependence"	-	GCST90245782	16:7651178	36551763	"Levchenko A"
rs6577246-?	5E-6	-	NR	-	"1.1510808 unit increase"	-	LINC01307	"Alcohol dependence (codominant genetic model)"	"alcohol dependence"	-	GCST90245782	1:101384574	36551763	"Levchenko A"
rs1518754-?	2E-7	-	NR	-	"1.0857385 unit increase"	-	IFTAP,RPL7AP56	"Alcohol dependence (codominant genetic model)"	"alcohol dependence"	-	GCST90245783	11:36806319	36551763	"Levchenko A"
rs58607060-?	7E-7	-	NR	-	"1.3154124 unit increase"	-	LINC02572,PPIAP65	"Alcohol dependence (codominant genetic model)"	"alcohol dependence"	-	GCST90245783	2:129642537	36551763	"Levchenko A"
rs6868545-?	1E-6	-	NR	-	"1.0211996 unit increase"	-	LINC01470	"Alcohol dependence (codominant genetic model)"	"alcohol dependence"	-	GCST90245783	5:153115323	36551763	"Levchenko A"
rs3815310-?	3E-6	-	NR	-	"1.2826833 unit increase"	-	GNA15-DT,GNA15	"Alcohol dependence (codominant genetic model)"	"alcohol dependence"	-	GCST90245783	19:3150073	36551763	"Levchenko A"
rs77611518-?	3E-6	-	NR	3.0970361	-	-	CENPE	"Alcohol dependence (allelic genetic model)"	"alcohol dependence"	-	GCST90245784	4:103127261	36551763	"Levchenko A"
rs7774573-?	5E-6	-	NR	3.0970392	-	-	MTCO3P1,HLA-DQB1	"Alcohol dependence (allelic genetic model)"	"alcohol dependence"	-	GCST90245784	6:32689850	36551763	"Levchenko A"
rs10898157-?	5E-6	-	NR	0.5558943	-	-	DLG2	"Alcohol dependence (allelic genetic model)"	"alcohol dependence"	-	GCST90245784	11:83842929	36551763	"Levchenko A"
rs17793362-?	5E-6	-	NR	2.3228793	-	-	USP21P1,FAM124B	"Alcohol dependence (dominant genetic model)"	"alcohol dependence"	-	GCST90245785	2:224290348	36551763	"Levchenko A"
rs76055872-?	4E-6	-	NR	3.841878	-	-	RNA5SP350,LINC02550	"Alcohol dependence (dominant genetic model)"	"alcohol dependence"	-	GCST90245785	11:111062682	36551763	"Levchenko A"
rs6868545-?	1E-7	-	NR	-	"0.9860832 unit increase"	-	LINC01470	"Alcohol dependence (codominant genetic model)"	"alcohol dependence"	-	GCST90245781	5:153115323	36551763	"Levchenko A"
rs58607060-?	2E-7	-	NR	-	"1.306775 unit increase"	-	LINC02572,PPIAP65	"Alcohol dependence (codominant genetic model)"	"alcohol dependence"	-	GCST90245781	2:129642537	36551763	"Levchenko A"
rs36019116-?	6E-7	-	NR	-	"1.1970396 unit increase"	-	CASC8	"Alcohol dependence (codominant genetic model)"	"alcohol dependence"	-	GCST90245781	8:127456099	36551763	"Levchenko A"
rs6695564-?	7E-7	-	NR	-	"1.2760488 unit increase"	-	NFIA	"Alcohol dependence (codominant genetic model)"	"alcohol dependence"	-	GCST90245781	1:61203863	36551763	"Levchenko A"
rs17387354-?	2E-6	-	NR	-	"1.3150992 unit increase"	-	CLGN,MGAT4D	"Alcohol dependence (codominant genetic model)"	"alcohol dependence"	-	GCST90245781	4:140428812	36551763	"Levchenko A"
rs2032187-?	4E-6	-	NR	-	"1.1171054 unit increase"	-	ASXL3	"Alcohol dependence (codominant genetic model)"	"alcohol dependence"	-	GCST90245781	18:33595184	36551763	"Levchenko A"
rs76055872-?	4E-6	-	NR	-	"1.3195488 unit increase"	-	RNA5SP350,LINC02550	"Alcohol dependence (codominant genetic model)"	"alcohol dependence"	-	GCST90245781	11:111062682	36551763	"Levchenko A"
rs9922579-?	5E-6	-	NR	-	"1.0686752 unit increase"	-	RNA5SP431,WWOX	"Alcohol dependence (codominant genetic model)"	"alcohol dependence"	-	GCST90245781	16:79246401	36551763	"Levchenko A"
rs220677-?	2E-8	-	NR	-	"2.3305953 unit increase"	-	ADGRF5	"Alcohol dependence (codominant genetic model)"	"alcohol dependence"	-	GCST90245782	6:46872709	36551763	"Levchenko A"
rs17715398-?	6E-8	-	NR	-	"2.3046033 unit increase"	-	INPP4B	"Alcohol dependence (codominant genetic model)"	"alcohol dependence"	-	GCST90245782	4:142417942	36551763	"Levchenko A"
rs10760332-?	2E-7	-	NR	-	"1.5446484 unit increase"	-	LHX2,NEK6	"Alcohol dependence (codominant genetic model)"	"alcohol dependence"	-	GCST90245782	9:124212743	36551763	"Levchenko A"
rs73035417-?	2E-7	-	NR	-	"1.3650376 unit increase"	-	CACNA1C	"Alcohol dependence (codominant genetic model)"	"alcohol dependence"	-	GCST90245782	12:2349784	36551763	"Levchenko A"
rs12728510-?	3E-7	-	NR	-	"1.4577043 unit increase"	-	LINC01036	"Alcohol dependence (codominant genetic model)"	"alcohol dependence"	-	GCST90245782	1:187394261	36551763	"Levchenko A"
rs10924867-?	3E-7	-	NR	-	"1.6542206 unit increase"	-	AHCTF1	"Alcohol dependence (codominant genetic model)"	"alcohol dependence"	-	GCST90245782	1:246921651	36551763	"Levchenko A"
rs843783-?	1E-6	-	NR	-	"1.4134849 unit increase"	-	RNU6-472P,Y_RNA	"Alcohol dependence (codominant genetic model)"	"alcohol dependence"	-	GCST90245782	12:33941772	36551763	"Levchenko A"
rs11053031-?	1E-6	-	NR	-	"1.4134849 unit increase"	-	ALG10,Y_RNA	"Alcohol dependence (codominant genetic model)"	"alcohol dependence"	-	GCST90245782	12:33982875	36551763	"Levchenko A"
rs271643-?	2E-6	-	NR	-	"1.7998893 unit increase"	-	RNU6-1313P,TAC4	"Alcohol dependence (codominant genetic model)"	"alcohol dependence"	-	GCST90245782	17:49922166	36551763	"Levchenko A"
rs271653-?	2E-6	-	NR	-	"1.7907314 unit increase"	-	RNU6-1313P,TAC4	"Alcohol dependence (codominant genetic model)"	"alcohol dependence"	-	GCST90245782	17:49928516	36551763	"Levchenko A"
rs78036981-?	2E-6	-	NR	-	"2.0426042 unit increase"	-	LINC00433	"Alcohol dependence (codominant genetic model)"	"alcohol dependence"	-	GCST90245782	13:88581133	36551763	"Levchenko A"
rs77797842-?	2E-6	-	NR	-	"2.0668488 unit increase"	-	ZNF532,LINC01926	"Alcohol dependence (codominant genetic model)"	"alcohol dependence"	-	GCST90245782	18:58844907	36551763	"Levchenko A"
rs77726484-?	2E-6	-	NR	-	"2.1833 unit increase"	-	CDC14C,DDX43P2	"Alcohol dependence (codominant genetic model)"	"alcohol dependence"	-	GCST90245782	7:48953377	36551763	"Levchenko A"
rs77355199-?	2E-6	-	NR	-	"1.6450545 unit increase"	-	CDC14A	"Alcohol dependence (codominant genetic model)"	"alcohol dependence"	-	GCST90245782	1:100348842	36551763	"Levchenko A"
rs72765373-?	4E-6	-	NR	-	"1.8366501 unit increase"	-	TRAPPC12	"Alcohol dependence (codominant genetic model)"	"alcohol dependence"	-	GCST90245782	2:3385882	36551763	"Levchenko A"
rs34856203-?	4E-6	-	NR	-	"2.0332522 unit increase"	-	RN7SKP93,MGAT5	"Alcohol dependence (codominant genetic model)"	"alcohol dependence"	-	GCST90245782	2:133905193	36551763	"Levchenko A"
rs220673-?	4E-6	-	NR	-	"1.8886743 unit increase"	-	ADGRF5	"Alcohol dependence (codominant genetic model)"	"alcohol dependence"	-	GCST90245782	6:46874069	36551763	"Levchenko A"
rs34361428-G	1E-6	"(model 1)"	0.2	-	"0.47 unit increase"	[0.27-0.67]	ADH7,ADH1B	"Alcohol dependence"	"alcohol dependence"	-	GCST011955	4:99391552	33290381	"Li W"
rs11950-G	3E-6	"(model 1)"	0.14	-	"0.52 unit increase"	[0.3-0.74]	TRAM2-AS1,TMEM14A	"Alcohol dependence"	"alcohol dependence"	-	GCST011955	6:52668952	33290381	"Li W"
rs2294231-T	6E-6	"(model 1)"	0.58	-	"0.33 unit decrease"	[0.19-0.47]	LINC02518	"Alcohol dependence"	"alcohol dependence"	-	GCST011955	6:113433202	33290381	"Li W"
rs11245976-A	7E-6	"(model 1)"	0.22	-	"0.4 unit increase"	[0.22-0.58]	MUC2,MUC5AC	"Alcohol dependence"	"alcohol dependence"	-	GCST011955	11:1136660	33290381	"Li W"
rs1519302-C	7E-6	"(model 2)"	0.31	-	"0.47 unit increase"	[0.27-0.67]	-	"Alcohol dependence"	"alcohol dependence"	-	GCST011955	2:123207111	33290381	"Li W"
rs1442493-G	7E-6	"(model 1)"	0.85	-	"0.42 unit decrease"	[0.24-0.6]	ADH7,ADH1B	"Alcohol dependence"	"alcohol dependence"	-	GCST011955	4:99400208	33290381	"Li W"
rs6693815-T	9E-6	"(model 2)"	0.24	-	"0.53 unit increase"	[0.43-0.63]	EPS8L3,GSTM5	"Alcohol dependence"	"alcohol dependence"	-	GCST011955	1:109758638	33290381	"Li W"
rs1896857-A	8E-6	-	0.74	1.3	-	[1.18-1.42]	ANKRD44-IT1,ANKRD44	"Alcohol dependence (age at onset)"	"age at onset,alcohol dependence"	-	GCST002477	2:197299806	24962325	"Kapoor M"
chr3:182062276-C	8E-6	-	0.1	1.44	-	[1.28-1.60]	-	"Alcohol dependence (age at onset)"	"age at onset,alcohol dependence"	-	GCST002477	-	24962325	"Kapoor M"
rs62184315-T	4E-6	-	0.84	1.47	-	[1.31-1.63]	C2orf88	"Alcohol dependence (age at onset)"	"age at onset,alcohol dependence"	-	GCST002477	2:189907219	24962325	"Kapoor M"
rs2168784-T	5E-9	-	0.11	1.46	-	[1.34-1.58]	LINC01324	"Alcohol dependence (age at onset)"	"age at onset,alcohol dependence"	-	GCST002477	3:164872151	24962325	"Kapoor M"
rs35951-G	1E-8	-	0.14	1.43	-	[1.31-1.55]	ARL15	"Alcohol dependence (age at onset)"	"age at onset,alcohol dependence"	-	GCST002477	5:54296531	24962325	"Kapoor M"
rs57083693-C	4E-8	-	0.22	1.35	-	[1.23-1.47]	UTP20	"Alcohol dependence (age at onset)"	"age at onset,alcohol dependence"	-	GCST002477	12:101348402	24962325	"Kapoor M"
rs61776290-T	2E-7	-	0.11	1.48	-	[1.32-1.64]	CASZ1,PEX14	"Alcohol dependence (age at onset)"	"age at onset,alcohol dependence"	-	GCST002477	1:10634850	24962325	"Kapoor M"
rs1362153-C	7E-6	-	0.1	1.47	-	[1.29-1.65]	SLC6A9	"Alcohol dependence (age at onset)"	"age at onset,alcohol dependence"	-	GCST002477	1:44003359	24962325	"Kapoor M"
rs1874252-G	7E-6	-	0.69	1.32	-	[1.20-1.44]	LINC02694	"Alcohol dependence (age at onset)"	"age at onset,alcohol dependence"	-	GCST002477	15:38670555	24962325	"Kapoor M"
rs11840092-C	2E-6	-	0.16	1.37	-	[1.23-1.51]	PCDH17	"Alcohol dependence (age at onset)"	"age at onset,alcohol dependence"	-	GCST002477	13:57540614	24962325	"Kapoor M"
rs5754638-T	8E-6	-	0.11	1.44	-	[1.28-1.60]	LARGE1	"Alcohol dependence (age at onset)"	"age at onset,alcohol dependence"	-	GCST002477	22:33682071	24962325	"Kapoor M"
rs1660895-A	7E-7	-	0.47	1.3	-	[1.20-1.40]	LINC01854	"Alcohol dependence (age at onset)"	"age at onset,alcohol dependence"	-	GCST002477	2:129236759	24962325	"Kapoor M"
rs896543-G	1E-6	-	0.81	1.54	-	[1.36-1.72]	ACKR3	"Alcohol dependence (age at onset)"	"age at onset,alcohol dependence"	-	GCST002477	2:236600564	24962325	"Kapoor M"
rs9874556-A	9E-6	-	0.47	1.3	-	[1.18-1.42]	-	"Alcohol dependence (age at onset)"	"age at onset,alcohol dependence"	-	GCST002477	3:3314490	24962325	"Kapoor M"
rs16824395-A	6E-6	-	0.94	1.92	-	[1.63-2.21]	LSAMP	"Alcohol dependence (age at onset)"	"age at onset,alcohol dependence"	-	GCST002477	3:116021872	24962325	"Kapoor M"
rs16897978-C	5E-6	-	0.05	1.53	-	[1.35-1.71]	RNU6-909P	"Alcohol dependence (age at onset)"	"age at onset,alcohol dependence"	-	GCST002477	5:28696397	24962325	"Kapoor M"
rs7448080-T	4E-6	-	0.05	1.69	-	[1.47-1.91]	LINC01170	"Alcohol dependence (age at onset)"	"age at onset,alcohol dependence"	-	GCST002477	5:124062405	24962325	"Kapoor M"
chr7:112984787-A	9E-6	-	0.06	1.54	-	[1.34-1.74]	-	"Alcohol dependence (age at onset)"	"age at onset,alcohol dependence"	-	GCST002477	-	24962325	"Kapoor M"
rs10810935-A	2E-6	-	0.73	1.35	-	[1.23-1.47]	ADAMTSL1	"Alcohol dependence (age at onset)"	"age at onset,alcohol dependence"	-	GCST002477	9:18251857	24962325	"Kapoor M"
rs12348435-C	2E-6	-	0.04	1.59	-	[1.39-1.79]	LINGO2	"Alcohol dependence (age at onset)"	"age at onset,alcohol dependence"	-	GCST002477	9:28600144	24962325	"Kapoor M"
rs10969853-T	5E-6	-	0.94	1.61	-	[1.41-1.81]	KRT18P66,RBMXP2	"Alcohol dependence (age at onset)"	"age at onset,alcohol dependence"	-	GCST002477	9:30751222	24962325	"Kapoor M"
rs17625382-G	3E-6	-	0.84	1.41	-	[1.27-1.55]	BICC1	"Alcohol dependence (age at onset)"	"age at onset,alcohol dependence"	-	GCST002477	10:57812948	24962325	"Kapoor M"
rs10519005-T	5E-6	-	0.46	1.26	-	[1.16-1.36]	FAM81A	"Alcohol dependence (age at onset)"	"age at onset,alcohol dependence"	-	GCST002477	15:59419492	24962325	"Kapoor M"
rs9947276-T	9E-6	-	0.72	1.39	-	[1.25-1.53]	ZNF407	"Alcohol dependence (age at onset)"	"age at onset,alcohol dependence"	-	GCST002477	18:74780733	24962325	"Kapoor M"
rs2826659-A	7E-6	-	0.75	1.35	-	[1.21-1.49]	NCAM2	"Alcohol dependence (age at onset)"	"age at onset,alcohol dependence"	-	GCST002477	21:21115536	24962325	"Kapoor M"
rs17362650-C	8E-6	-	0.26	1.33	-	[1.21-1.45]	ADAM17	"Alcohol dependence (age at onset)"	"age at onset,alcohol dependence"	-	GCST002477	2:9536284	24962325	"Kapoor M"
rs514341-T	6E-6	-	0.08	1.5	-	[1.32-1.68]	UBL4B,LINC01397	"Alcohol dependence (age at onset)"	"age at onset,alcohol dependence"	-	GCST002477	1:110110258	24962325	"Kapoor M"
rs35738462-T	2E-6	-	0.57	1.32	-	[1.20-1.44]	DAB1	"Alcohol dependence (age at onset)"	"age at onset,alcohol dependence"	-	GCST002477	1:57790872	24962325	"Kapoor M"
rs9378160-C	2E-8	(Latino)	0.719	1.1890606	-	[1.13-1.25]	MICB	"Alcohol use disorder"	"alcohol use disorder measurement,alcohol dependence"	-	GCST008259	6:31500215	30940813	"Kranzler HR"
rs2066702-G	5E-24	(AA)	0.193	1.1889193	-	[1.16-1.22]	ADH1B	"Alcohol use disorder"	"alcohol use disorder measurement,alcohol dependence"	-	GCST008259	4:99307860	30940813	"Kranzler HR"
rs1154433-G	1E-14	(EA)	0.596	1.0699764	-	[1.05-1.09]	ADH1B	"Alcohol use disorder"	"alcohol use disorder measurement,alcohol dependence"	-	GCST008259	4:99332551	30940813	"Kranzler HR"
rs570436-T	2E-10	(EA)	0.423	1.0577533	-	[1.04-1.08]	LINC01833,CAMKMT	"Alcohol use disorder"	"alcohol use disorder measurement,alcohol dependence"	-	GCST008259	2:44915534	30940813	"Kranzler HR"
rs11075992-T	2E-10	(EA)	0.395	1.056859	-	[1.04-1.07]	FTO	"Alcohol use disorder"	"alcohol use disorder measurement,alcohol dependence"	-	GCST008259	16:53786154	30940813	"Kranzler HR"
rs72716801-G	5E-8	"(AA, women)"	0.968	1.886	-	[1.66-2.11]	CASC11	"Alcohol use disorder"	"alcohol use disorder measurement,alcohol dependence"	-	GCST008259	8:127636481	30940813	"Kranzler HR"
rs72900220-A	3E-9	(AA)	0.961	1.2376	-	[1.17-1.31]	TSPAN5,BTF3P13	"Alcohol use disorder"	"alcohol use disorder measurement,alcohol dependence"	-	GCST008259	4:98671846	30940813	"Kranzler HR"
rs1229984-C	5E-74	(EA)	0.97	1.742	-	[1.68-1.8]	ADH1B	"Alcohol use disorder"	"alcohol use disorder measurement,alcohol dependence"	-	GCST008259	4:99318162	30940813	"Kranzler HR"
rs1260326-C	1E-16	(EA)	0.591	1.0749	-	[1.06-1.09]	GCKR	"Alcohol use disorder"	"alcohol use disorder measurement,alcohol dependence"	-	GCST008259	2:27508073	30940813	"Kranzler HR"
rs13107325-C	3E-14	(EA)	0.921	1.1325	-	[1.1-1.16]	SLC39A8	"Alcohol use disorder"	"alcohol use disorder measurement,alcohol dependence"	-	GCST008259	4:102267552	30940813	"Kranzler HR"
rs141424017-T	3E-8	(EA)	0.222	1.059	-	[1.04-1.08]	LINC01392	"Alcohol use disorder"	"alcohol use disorder measurement,alcohol dependence"	-	GCST008259	7:115311377	30940813	"Kranzler HR"
rs17125651-C	8E-9	(EA)	0.134	1.074	-	[1.05-1.1]	-	"Alcohol use disorder"	"alcohol use disorder measurement,alcohol dependence"	-	GCST008259	10:109063325	30940813	"Kranzler HR"
rs4715221-A	1E-8	(EA)	0.698	1.0546	-	[1.04-1.07]	-	"Alcohol use disorder"	"alcohol use disorder measurement,alcohol dependence"	-	GCST008259	6:51495005	30940813	"Kranzler HR"
rs4936277-A	3E-11	(EA)	0.56	1.059	-	[1.04-1.08]	TMPRSS5,DRD2	"Alcohol use disorder"	"alcohol use disorder measurement,alcohol dependence"	-	GCST008259	11:113561238	30940813	"Kranzler HR"
rs1229984-C	6E-17	(Latino)	0.938	1.7746	-	[1.64-1.91]	ADH1B	"Alcohol use disorder"	"alcohol use disorder measurement,alcohol dependence"	-	GCST008259	4:99318162	30940813	"Kranzler HR"
rs1229984-C	5E-85	-	0.969	-	"19.54 z score increase"	NR	ADH1B	"Alcohol use disorder"	"alcohol use disorder measurement,alcohol dependence"	-	GCST008259	4:99318162	30940813	"Kranzler HR"
rs1612735-T	8E-19	-	0.656	-	"8.86 z score decrease"	NR	ADH1C,ADH1B	"Alcohol use disorder"	"alcohol use disorder measurement,alcohol dependence"	-	GCST008259	4:99336850	30940813	"Kranzler HR"
rs13107325-C	3E-14	-	0.937	-	"7.6 z score increase"	NR	SLC39A8	"Alcohol use disorder"	"alcohol use disorder measurement,alcohol dependence"	-	GCST008259	4:102267552	30940813	"Kranzler HR"
rs1260326-C	2E-13	-	0.651	-	"7.33 z score increase"	NR	GCKR	"Alcohol use disorder"	"alcohol use disorder measurement,alcohol dependence"	-	GCST008259	2:27508073	30940813	"Kranzler HR"
rs4936277-A	1E-13	-	0.599	-	"7.44 z score increase"	NR	TMPRSS5,DRD2	"Alcohol use disorder"	"alcohol use disorder measurement,alcohol dependence"	-	GCST008259	11:113561238	30940813	"Kranzler HR"
rs1421085-T	2E-11	-	0.67	-	"6.69 z score increase"	NR	FTO	"Alcohol use disorder"	"alcohol use disorder measurement,alcohol dependence"	-	GCST008259	16:53767042	30940813	"Kranzler HR"
rs540606-A	9E-11	-	0.409	-	"6.49 z score decrease"	NR	LINC00299,LINC01833	"Alcohol use disorder"	"alcohol use disorder measurement,alcohol dependence"	-	GCST008259	2:44911368	30940813	"Kranzler HR"
rs5860563-?	1E-9	-	0.722	-	"6.21 z score decrease"	NR	ADH4	"Alcohol use disorder"	"alcohol use disorder measurement,alcohol dependence"	-	GCST008259	4:99126007	30940813	"Kranzler HR"
rs7906104-T	3E-9	-	0.271	-	"5.98 z score decrease"	NR	LINC02661	"Alcohol use disorder"	"alcohol use disorder measurement,alcohol dependence"	-	GCST008259	10:108737343	30940813	"Kranzler HR"
rs61902812-A	2E-8	-	0.306	-	"5.59 z score decrease"	NR	DRD2	"Alcohol use disorder"	"alcohol use disorder measurement,alcohol dependence"	-	GCST008259	11:113503698	30940813	"Kranzler HR"
rs73513496-G	4E-6	(AA)	NR	-	"0.939 unit decrease"	-	LINC02720	"Major depression and alcohol dependence"	"unipolar depression,alcohol dependence"	-	GCST005022	11:80799224	29071344	"Zhou H"
rs11825659-G	1E-6	(AA)	NR	-	"0.484 unit decrease"	-	IGSF9B	"Major depression and alcohol dependence"	"unipolar depression,alcohol dependence"	-	GCST005022	11:133925624	29071344	"Zhou H"
rs74067914-C	7E-6	(AA)	NR	-	"0.646 unit increase"	-	RERGL	"Major depression and alcohol dependence"	"unipolar depression,alcohol dependence"	-	GCST005022	12:18036994	29071344	"Zhou H"
rs11179306-C	3E-6	(AA)	0.924	-	"0.821 unit decrease"	-	TRHDE	"Major depression and alcohol dependence"	"unipolar depression,alcohol dependence"	-	GCST005022	12:72653857	29071344	"Zhou H"
rs544475121-AT	5E-6	(AA)	NR	-	"0.561 unit increase"	-	RB1,LPAR6	"Major depression and alcohol dependence"	"unipolar depression,alcohol dependence"	-	GCST005022	13:48442207	29071344	"Zhou H"
rs1471450-G	2E-6	(AA)	0.25	-	"0.789 unit increase"	-	-	"Major depression and alcohol dependence"	"unipolar depression,alcohol dependence"	-	GCST005022	13:54670721	29071344	"Zhou H"
rs75104126-C	3E-6	(AA)	0.878	-	"1.011 unit decrease"	-	-	"Major depression and alcohol dependence"	"unipolar depression,alcohol dependence"	-	GCST005022	13:54883367	29071344	"Zhou H"
rs58598658-C	1E-6	(AA)	0.446	-	"0.465 unit increase"	-	KLF12	"Major depression and alcohol dependence"	"unipolar depression,alcohol dependence"	-	GCST005022	13:73887726	29071344	"Zhou H"
rs77993859-G	8E-6	(AA)	NR	-	"0.82 unit decrease"	-	FOXB1	"Major depression and alcohol dependence"	"unipolar depression,alcohol dependence"	-	GCST005022	15:60155639	29071344	"Zhou H"
rs797003128-C	5E-6	(AA)	NR	-	"0.651 unit decrease"	-	BBS4	"Major depression and alcohol dependence"	"unipolar depression,alcohol dependence"	-	GCST005022	15:72730279	29071344	"Zhou H"
rs73459955-C	2E-6	(AA)	0.839	-	"0.603 unit decrease"	-	LINC01197	"Major depression and alcohol dependence"	"unipolar depression,alcohol dependence"	-	GCST005022	15:95109294	29071344	"Zhou H"
rs12597282-C	7E-6	(AA)	0.534	-	"0.446 unit decrease"	-	RBFOX1,CTRB2	"Major depression and alcohol dependence"	"unipolar depression,alcohol dependence"	-	GCST005022	16:7794410	29071344	"Zhou H"
rs2345546-C	2E-6	(AA)	0.882	-	"0.855 unit increase"	-	LINC02191	"Major depression and alcohol dependence"	"unipolar depression,alcohol dependence"	-	GCST005022	16:25416151	29071344	"Zhou H"
rs2094081-G	4E-7	(EA)	NR	-	"1.519 unit decrease"	-	RHBDL2	"Major depression and alcohol dependence"	"unipolar depression,alcohol dependence"	-	GCST005022	1:38927359	29071344	"Zhou H"
rs7595950-C	3E-6	(EA)	0.388	-	"0.521 unit increase"	-	TMEM178A	"Major depression and alcohol dependence"	"unipolar depression,alcohol dependence"	-	GCST005022	2:59916057	29071344	"Zhou H"
rs13031275-C	5E-6	(EA)	NR	-	"1.032 unit increase"	-	RIF1,NEB	"Major depression and alcohol dependence"	"unipolar depression,alcohol dependence"	-	GCST005022	2:151489980	29071344	"Zhou H"
rs12109691-G	2E-6	(EA)	0.72	-	"0.601 unit decrease"	-	FAM170A,HSD17B4	"Major depression and alcohol dependence"	"unipolar depression,alcohol dependence"	-	GCST005022	5:119630805	29071344	"Zhou H"
rs55702914-G	1E-6	-	0.354	-	"0.371 unit decrease"	[0.22-0.52]	ANKRD44,NPM1P46	"Major depression and alcohol dependence"	"unipolar depression,alcohol dependence"	-	GCST005022	2:197349672	29071344	"Zhou H"
rs58335266-G	6E-6	-	0.364	-	"0.341 unit increase"	[0.19-0.49]	HSPD1,HSPE1-MOB4	"Major depression and alcohol dependence"	"unipolar depression,alcohol dependence"	-	GCST005022	2:197505616	29071344	"Zhou H"
rs9844985-C	2E-6	-	0.552	-	"0.364 unit increase"	[0.22-0.51]	LSAMP	"Major depression and alcohol dependence"	"unipolar depression,alcohol dependence"	-	GCST005022	3:117163885	29071344	"Zhou H"
rs543964416-AA	7E-6	-	0.258	-	"0.404 unit decrease"	[0.23-0.58]	ADH1A,ADH1B	"Major depression and alcohol dependence"	"unipolar depression,alcohol dependence"	-	GCST005022	4:99302636	29071344	"Zhou H"
rs10940051-C	6E-6	-	0.706	-	"0.366 unit increase"	[0.21-0.52]	NLN	"Major depression and alcohol dependence"	"unipolar depression,alcohol dependence"	-	GCST005022	5:65811762	29071344	"Zhou H"
rs2002594-?	5E-8	(men)	0.399	-	-	-	FAM162A	"Risky sexual behaviors (alcohol dependence interaction)"	"alcohol dependence,risky sexual behaviour measurement"	-	GCST004956	3:122392714	28990359	"Polimanti R"
rs12898370-?	4E-8	"(AA, men)"	0.872	-	-	-	LINGO1,HMG20A	"Risky sexual behaviors (alcohol dependence interaction)"	"alcohol dependence,risky sexual behaviour measurement"	-	GCST004956	15:77516256	28990359	"Polimanti R"
rs62313897-?	8E-10	"(EA, men)"	0.942	-	-	-	CCSER1	"Risky sexual behaviors (alcohol dependence interaction)"	"alcohol dependence,risky sexual behaviour measurement"	-	GCST004956	4:90215590	28990359	"Polimanti R"
rs1867877-?	2E-9	"(EA, men)"	0.9489	-	-	-	IGSF22	"Risky sexual behaviors (alcohol dependence interaction)"	"alcohol dependence,risky sexual behaviour measurement"	-	GCST004956	11:18705901	28990359	"Polimanti R"
rs7913179-?	1E-8	"(EA, men)"	0.933	-	-	-	AVPI1,MARVELD1	"Risky sexual behaviors (alcohol dependence interaction)"	"alcohol dependence,risky sexual behaviour measurement"	-	GCST004956	10:97705109	28990359	"Polimanti R"
rs115460205-?	4E-8	"(EA, men)"	0.9307	-	-	-	FSTL5	"Risky sexual behaviors (alcohol dependence interaction)"	"alcohol dependence,risky sexual behaviour measurement"	-	GCST004956	4:161890417	28990359	"Polimanti R"
rs17536732-?	4E-8	"(EA, men)"	0.9315	-	-	-	FSTL5	"Risky sexual behaviors (alcohol dependence interaction)"	"alcohol dependence,risky sexual behaviour measurement"	-	GCST004956	4:161903214	28990359	"Polimanti R"
rs72737330-C	9E-7	(AA)	0.163	-	"1.003 unit decrease"	-	ESRRG	"Major depression and alcohol dependence"	"unipolar depression,alcohol dependence"	-	GCST005022	1:216600151	29071344	"Zhou H"
rs488109-G	4E-6	(AA)	0.395	-	"0.475 unit decrease"	-	C1orf100	"Major depression and alcohol dependence"	"unipolar depression,alcohol dependence"	-	GCST005022	1:244265229	29071344	"Zhou H"
rs7556950-C	8E-6	(AA)	0.099	-	"0.655 unit increase"	-	-	"Major depression and alcohol dependence"	"unipolar depression,alcohol dependence"	-	GCST005022	2:41582921	29071344	"Zhou H"
rs112525781-C	9E-6	(AA)	NR	-	"0.911 unit decrease"	-	AHCYP4	"Major depression and alcohol dependence"	"unipolar depression,alcohol dependence"	-	GCST005022	2:138961777	29071344	"Zhou H"
rs115182184-G	8E-6	(AA)	NR	-	"0.952 unit increase"	-	NR4A2	"Major depression and alcohol dependence"	"unipolar depression,alcohol dependence"	-	GCST005022	2:156342049	29071344	"Zhou H"
rs10198241-C	1E-6	(AA)	0.608	-	"0.487 unit increase"	-	RNA5SP89	"Major depression and alcohol dependence"	"unipolar depression,alcohol dependence"	-	GCST005022	2:226115660	29071344	"Zhou H"
rs13064447-C	4E-6	(AA)	0.454	-	"0.437 unit decrease"	-	TMEM40,CRIP1P1	"Major depression and alcohol dependence"	"unipolar depression,alcohol dependence"	-	GCST005022	3:12711632	29071344	"Zhou H"
rs11919880-G	6E-6	(AA)	0.313	-	"0.509 unit decrease"	-	TRIM71,CCR4	"Major depression and alcohol dependence"	"unipolar depression,alcohol dependence"	-	GCST005022	3:32920559	29071344	"Zhou H"
rs11129574-C	4E-6	(AA)	0.936	-	"1.079 unit increase"	-	LINC01811	"Major depression and alcohol dependence"	"unipolar depression,alcohol dependence"	-	GCST005022	3:33972800	29071344	"Zhou H"
rs1693457-C	7E-6	(AA)	0.206	-	"0.514 unit decrease"	-	-	"Major depression and alcohol dependence"	"unipolar depression,alcohol dependence"	-	GCST005022	-	29071344	"Zhou H"
rs113942939-G	3E-6	(AA)	NR	-	"1.158 unit decrease"	-	EBF1	"Major depression and alcohol dependence"	"unipolar depression,alcohol dependence"	-	GCST005022	5:158659196	29071344	"Zhou H"
rs12180309-C	5E-7	(AA)	NR	-	"0.947 unit increase"	-	-	"Major depression and alcohol dependence"	"unipolar depression,alcohol dependence"	-	GCST005022	6:91209048	29071344	"Zhou H"
rs6930781-C	3E-6	(AA)	0.514	-	"0.46 unit increase"	-	GPR6,WASF1	"Major depression and alcohol dependence"	"unipolar depression,alcohol dependence"	-	GCST005022	6:110006481	29071344	"Zhou H"
rs73017046-G	6E-6	(AA)	0.853	-	"0.83 unit increase"	-	SNRPEP6,SASH1	"Major depression and alcohol dependence"	"unipolar depression,alcohol dependence"	-	GCST005022	6:148560592	29071344	"Zhou H"
rs2905347-G	6E-6	(AA)	0.439	-	"0.455 unit increase"	-	STEAP1B	"Major depression and alcohol dependence"	"unipolar depression,alcohol dependence"	-	GCST005022	7:22580700	29071344	"Zhou H"
rs34929064-C	7E-6	(AA)	0.247	-	"0.498 unit decrease"	-	STEAP1B	"Major depression and alcohol dependence"	"unipolar depression,alcohol dependence"	-	GCST005022	7:22688653	29071344	"Zhou H"
rs60617249-G	4E-6	(AA)	0.505	-	"0.436 unit decrease"	-	VWDE,COBL	"Major depression and alcohol dependence"	"unipolar depression,alcohol dependence"	-	GCST005022	7:50944161	29071344	"Zhou H"
rs139438618-G	2E-11	(AA)	NR	-	"0.869 unit increase"	-	SEMA3A	"Major depression and alcohol dependence"	"unipolar depression,alcohol dependence"	-	GCST005022	7:84008281	29071344	"Zhou H"
rs79246196-C	1E-6	(AA)	NR	-	"1.016 unit increase"	-	STAG3	"Major depression and alcohol dependence"	"unipolar depression,alcohol dependence"	-	GCST005022	7:100185286	29071344	"Zhou H"
rs12544026-G	1E-6	(AA)	0.136	-	"0.969 unit decrease"	-	NCALD	"Major depression and alcohol dependence"	"unipolar depression,alcohol dependence"	-	GCST005022	8:101819970	29071344	"Zhou H"
rs115357105-G	9E-7	(AA)	NR	-	"1.132 unit increase"	-	TOPORSLP	"Major depression and alcohol dependence"	"unipolar depression,alcohol dependence"	-	GCST005022	9:104376689	29071344	"Zhou H"
rs2886497-G	6E-6	(AA)	0.547	-	"0.44 unit decrease"	-	OTUD1,C10orf67	"Major depression and alcohol dependence"	"unipolar depression,alcohol dependence"	-	GCST005022	10:23381413	29071344	"Zhou H"
rs2243668-G	9E-6	(AA)	0.909	-	"0.868 unit increase"	-	NRP1	"Major depression and alcohol dependence"	"unipolar depression,alcohol dependence"	-	GCST005022	10:33274965	29071344	"Zhou H"
rs12222290-G	4E-6	(AA)	0.503	-	"0.447 unit decrease"	-	GALNT18	"Major depression and alcohol dependence"	"unipolar depression,alcohol dependence"	-	GCST005022	11:11455298	29071344	"Zhou H"
rs3018100-G	5E-6	(AA)	0.275	-	"0.616 unit increase"	-	RPS3	"Major depression and alcohol dependence"	"unipolar depression,alcohol dependence"	-	GCST005022	11:75417295	29071344	"Zhou H"
rs2133896-T	4E-9	-	0.2215	-	"0.104 unit increase"	[0.069-0.139]	ANKS1B	"Alcohol dependence or heroin dependence or methamphetamine dependence"	"alcohol dependence,heroin dependence,methamphetamine dependence"	-	GCST008645	12:99455122	31462767	"Sun Y"
rs147247472-A	3E-12	-	0.0174	-	"0.348 unit increase"	[0.25-0.45]	AGBL4,AGBL4-IT1	"Alcohol dependence or heroin dependence or methamphetamine dependence"	"alcohol dependence,heroin dependence,methamphetamine dependence"	-	GCST008645	1:49441901	31462767	"Sun Y"
rs10196867-C	5E-9	-	0.0297	-	"0.243 unit increase"	[0.16-0.33]	CTNNA2	"Alcohol dependence or heroin dependence or methamphetamine dependence"	"alcohol dependence,heroin dependence,methamphetamine dependence"	-	GCST008645	2:79751234	31462767	"Sun Y"
rs10392-A	8E-7	-	0.1801	1.252	-	-	PPP1R16B	"Alcohol dependence or chronic alcoholic pancreatitis or alcohol-related liver cirrhosis"	"alcoholic liver cirrhosis,alcoholic pancreatitis,alcohol dependence"	-	GCST004757	20:38922292	28714907	"Treutlein J"
rs454510-A	3E-6	-	0.02702	1.206	-	-	PHGDH	"Alcohol dependence or chronic alcoholic pancreatitis or alcohol-related liver cirrhosis"	"alcoholic liver cirrhosis,alcoholic pancreatitis,alcohol dependence"	-	GCST004757	1:119652419	28714907	"Treutlein J"
rs2028201-T	5E-6	-	0.3763	1.183	-	-	SPATS2L	"Alcohol dependence or chronic alcoholic pancreatitis or alcohol-related liver cirrhosis"	"alcoholic liver cirrhosis,alcoholic pancreatitis,alcohol dependence"	-	GCST004757	2:200438287	28714907	"Treutlein J"
rs34997829-?	3E-8	-	0.732	-	-	-	LHPP	"Risky sexual behaviors (alcohol dependence interaction)"	"behavioural disinhibition measurement,alcohol dependence,risky sexual behaviour measurement"	-	GCST003860	10:124546821	27531626	"Polimanti R"
rs9310862-G	4E-6	"(Illicit drug use)"	0.496	-	-	-	CMC1	"Behavioural disinhibition (generation interaction)"	"nicotine use,generational effect measurement,illegal drug consumption,non-substance related disinhibited behaviour,alcohol drinking,alcohol dependence"	-	GCST002131	3:28165386	23942779	"McGue M"
rs2887631-G	4E-6	"(Illicit drug use)"	0.275	-	-	-	LRTM2,CACNA2D4	"Behavioural disinhibition (generation interaction)"	"nicotine use,generational effect measurement,illegal drug consumption,non-substance related disinhibited behaviour,alcohol drinking,alcohol dependence"	-	GCST002131	12:1825415	23942779	"McGue M"
rs7979367-C	6E-6	"(Illicit drug use)"	0.402	-	-	-	TMEM132D	"Behavioural disinhibition (generation interaction)"	"nicotine use,generational effect measurement,illegal drug consumption,non-substance related disinhibited behaviour,alcohol drinking,alcohol dependence"	-	GCST002131	12:129745862	23942779	"McGue M"
rs4821261-A	9E-6	"(Illicit drug use)"	0.132	-	-	-	-	"Behavioural disinhibition (generation interaction)"	"nicotine use,generational effect measurement,illegal drug consumption,non-substance related disinhibited behaviour,alcohol drinking,alcohol dependence"	-	GCST002131	22:34545584	23942779	"McGue M"
rs138229-G	9E-6	"(Illicit drug use)"	0.467	-	-	-	MOV10L1	"Behavioural disinhibition (generation interaction)"	"nicotine use,generational effect measurement,illegal drug consumption,non-substance related disinhibited behaviour,alcohol drinking,alcohol dependence"	-	GCST002131	22:50118978	23942779	"McGue M"
rs3847794-G	7E-6	"(Nicotine use)"	0.357	-	-	-	PLXNC1	"Behavioural disinhibition (generation interaction)"	"nicotine use,generational effect measurement,illegal drug consumption,non-substance related disinhibited behaviour,alcohol drinking,alcohol dependence"	-	GCST002131	12:94135049	23942779	"McGue M"
rs1190596-A	4E-6	"(Nicotine use)"	0.18	-	-	-	HSP90AA1	"Behavioural disinhibition (generation interaction)"	"nicotine use,generational effect measurement,illegal drug consumption,non-substance related disinhibited behaviour,alcohol drinking,alcohol dependence"	-	GCST002131	14:102129288	23942779	"McGue M"
rs11681792-A	4E-7	"(Non-substance related behavioral disinhibition)"	0.179	-	-	-	NRXN1	"Behavioural disinhibition (generation interaction)"	"nicotine use,generational effect measurement,illegal drug consumption,non-substance related disinhibited behaviour,alcohol drinking,alcohol dependence"	-	GCST002131	2:49957256	23942779	"McGue M"
rs1027841-A	2E-6	"(Non-substance related behavioral disinhibition)"	0.162	-	-	-	ZNF827	"Behavioural disinhibition (generation interaction)"	"nicotine use,generational effect measurement,illegal drug consumption,non-substance related disinhibited behaviour,alcohol drinking,alcohol dependence"	-	GCST002131	4:145847922	23942779	"McGue M"
rs3743832-A	9E-7	"(Non-substance related behavioral disinhibition)"	0.39	-	-	-	C16orf72	"Behavioural disinhibition (generation interaction)"	"nicotine use,generational effect measurement,illegal drug consumption,non-substance related disinhibited behaviour,alcohol drinking,alcohol dependence"	-	GCST002131	16:9120023	23942779	"McGue M"
rs9656709-C	5E-6	"(Alcohol consumption)"	0.488	-	-	-	TUBBP6,FKBP9P1	"Behavioural disinhibition (generation interaction)"	"nicotine use,generational effect measurement,illegal drug consumption,non-substance related disinhibited behaviour,alcohol drinking,alcohol dependence"	-	GCST002131	7:55656752	23942779	"McGue M"
rs9871864-G	6E-6	"(Alcohol dependence)"	0.464	-	-	-	SGO1-AS1	"Behavioural disinhibition (generation interaction)"	"nicotine use,generational effect measurement,illegal drug consumption,non-substance related disinhibited behaviour,alcohol drinking,alcohol dependence"	-	GCST002131	3:20311274	23942779	"McGue M"
rs13259667-A	8E-6	"(Alcohol dependence)"	0.074	-	-	-	-	"Behavioural disinhibition (generation interaction)"	"nicotine use,generational effect measurement,illegal drug consumption,non-substance related disinhibited behaviour,alcohol drinking,alcohol dependence"	-	GCST002131	8:77413649	23942779	"McGue M"
rs12311304-G	4E-6	"(Alcohol dependence)"	0.328	-	-	-	RERG	"Behavioural disinhibition (generation interaction)"	"nicotine use,generational effect measurement,illegal drug consumption,non-substance related disinhibited behaviour,alcohol drinking,alcohol dependence"	-	GCST002131	12:15236703	23942779	"McGue M"
rs4761097-G	2E-6	"(Alcohol dependence)"	0.449	-	-	-	SLC6A15	"Behavioural disinhibition (generation interaction)"	"nicotine use,generational effect measurement,illegal drug consumption,non-substance related disinhibited behaviour,alcohol drinking,alcohol dependence"	-	GCST002131	12:84793732	23942779	"McGue M"
rs642899-C	8E-6	"(Alcohol dependence)"	0.233	-	-	-	STARD13	"Behavioural disinhibition (generation interaction)"	"nicotine use,generational effect measurement,illegal drug consumption,non-substance related disinhibited behaviour,alcohol drinking,alcohol dependence"	-	GCST002131	13:33106717	23942779	"McGue M"
rs9782914-G	8E-6	"(Illicit drug use)"	0.145	-	-	-	WDR64	"Behavioural disinhibition (generation interaction)"	"nicotine use,generational effect measurement,illegal drug consumption,non-substance related disinhibited behaviour,alcohol drinking,alcohol dependence"	-	GCST002131	1:241728933	23942779	"McGue M"
rs10037670-G	4E-6	"(Illicit drug use)"	0.208	-	-	-	SAP30L-AS1	"Behavioural disinhibition (generation interaction)"	"nicotine use,generational effect measurement,illegal drug consumption,non-substance related disinhibited behaviour,alcohol drinking,alcohol dependence"	-	GCST002131	5:154431930	23942779	"McGue M"
rs2071214-G	8E-6	"(Non-substance related behavioral disinhibition)"	0.054	-	-	-	BIRC5	"Behavioural disinhibition (generation interaction)"	"nicotine use,generational effect measurement,illegal drug consumption,non-substance related disinhibited behaviour,alcohol drinking,alcohol dependence"	-	GCST002131	17:78223510	23942779	"McGue M"
rs2380220-A	4E-6	"(Alcohol dependence)"	0.159	-	-	-	CYCSP17,MANEA-DT	"Behavioural disinhibition (generation interaction)"	"nicotine use,generational effect measurement,illegal drug consumption,non-substance related disinhibited behaviour,alcohol drinking,alcohol dependence"	-	GCST002131	6:95519536	23942779	"McGue M"
